video_name,optimal_crf,optimal_preset,quality_score,file_size_mb,edge_density,motion_score,brightness,color_variance,resolution,fps,duration
video_001.mp4,30,medium,94.22710000000001,3.537961006164551,0.0215765595322887,0.05009951941115953,0.35398407051863945,0.2501471801154926,2073600,25.0,25.32
video_002.mp4,30,faster,94.96960000000001,4.16526985168457,0.016057936362897988,0.08352762888501246,0.612588170446257,0.2365885446451462,2073600,25.0,37.88
video_003.mp4,30,medium,94.22710000000001,3.537961006164551,0.0215765595322887,0.05009951941115953,0.35398407051863945,0.2501471801154926,2073600,25.0,25.32
video_004.mp4,30,faster,90.496,12.172396659851074,0.17331445011091823,0.10678018489479622,0.4769943936896711,0.2543825532630576,2073600,29.97002997002997,30.03
video_005.mp4,30,faster,95.5579,1.6062965393066406,0.008161762252172208,0.05622473618063668,0.23390010213977427,0.1759954938086222,983520,25.0,38.44
video_006.mp4,30,faster,96.3802,1.9080677032470703,0.010055341458520013,0.026069371101787555,0.14278897883778285,0.15211294549758167,2211840,25.0,30.52
video_007.mp4,30,medium,94.66120000000001,4.571714401245117,0.006432780875326449,0.06471898413723283,0.4053109182662485,0.16353870507254523,2211840,24.0,38.958333333333336
video_008.mp4,26,medium,90.1174,7.924171447753906,0.029971522407232044,0.015835541923927412,0.3768694411950386,0.13828589524324322,2211840,23.976023976023978,31.281249999999996
video_009.mp4,26,faster,90.59380000000002,8.23565673828125,0.030578994007370852,0.06193462332967158,0.3987521097639379,0.19455050330010332,2211840,23.976023976023978,36.45308333333333
video_010.mp4,26,medium,90.1174,7.924171447753906,0.029971522407232044,0.015835541923927412,0.3768694411950386,0.13828589524324322,2211840,23.976023976023978,31.281249999999996
video_011.mp4,26,faster,90.59380000000002,8.23565673828125,0.030578994007370852,0.06193462332967158,0.3987521097639379,0.19455050330010332,2211840,23.976023976023978,36.45308333333333
video_012.mp4,30,faster,95.5531,1.510427474975586,0.009740644290123456,0.056406454484764584,0.636190951570443,0.21933148439742026,2073600,25.0,24.96
video_013.mp4,30,medium,93.5746,4.510149955749512,0.007344605610314616,0.18609105051742922,0.31409505589621356,0.23994296552202593,2073600,25.0,30.16
video_014.mp4,30,medium,94.16680000000001,4.336566925048828,0.00558056508299458,0.06224727892241966,0.4381406592489637,0.20866833230713788,921600,29.97002997002997,39.005633333333336
video_015.mp4,28,faster,91.0348,15.729789733886719,0.062281720196759253,0.1411716483630589,0.5416925068626506,0.2632840301139537,2211840,23.976023976023978,28.653624999999998
video_016.mp4,28,faster,90.59740000000002,3.463258743286133,0.06459271143353175,0.11996351408683328,0.47945959666418664,0.24232214602044344,921600,29.97002997002997,26.826800000000002
video_017.mp4,28,medium,91.17699999999999,18.724796295166016,0.025715559309309313,0.06427415651938931,0.6642055356520736,0.14958975001180844,2073600,25.0,36.12
video_018.mp4,28,medium,90.57910000000003,20.734177589416504,0.03763331283757716,0.18888447375664721,0.52823800980534,0.26403585230121074,2073600,29.97002997002997,30.03
video_019.mp4,28,medium,92.1163,20.098280906677246,0.1005296645929784,0.08147986713851212,0.4877123917649139,0.24899635671224946,2073600,24.0,31.875
video_020.mp4,30,faster,92.26900000000002,3.2171621322631836,0.06375503686556928,0.021025298138604924,0.4208693739241238,0.2236176791171351,2073600,29.97002997002997,25.558866666666667
video_021.mp4,30,medium,95.5795,6.235969543457031,0.01242066936728395,0.06438756517889911,0.5828926320829739,0.191359783780202,2073600,29.97002997002997,30.03
video_022.mp4,30,faster,90.7012,11.059377670288086,0.051086206183862434,0.1041138869556739,0.30897791740152847,0.20719372843132694,2073600,29.97002997002997,26.526500000000002
video_023.mp4,30,medium,96.0301,8.357603073120117,0.005412914134837963,0.05478435844294907,0.6081937798689595,0.18959980808656948,2073600,29.97002997002997,30.03
video_024.mp4,30,faster,95.87800000000001,1.9719839096069336,0.015456086391175126,0.039741282784481316,0.17881025620982277,0.14690495889734262,2073600,25.0,26.68
video_025.mp4,30,faster,97.17670000000003,0.9917526245117188,0.006735656415343916,0.004732760481189571,0.6018145734991528,0.17295173014459914,2073600,29.97002997002997,33.40003333333333
video_026.mp4,30,faster,95.98330000000001,1.3330087661743164,0.011189916791248714,0.01621066557410001,0.23686188312974682,0.23468627132557085,2211840,25.0,35.08
video_027.mp4,30,faster,97.17670000000003,0.9917526245117188,0.006735656415343916,0.004732760481189571,0.6018145734991528,0.17295173014459914,2073600,29.97002997002997,33.40003333333333
video_028.mp4,30,faster,95.87800000000001,1.9719839096069336,0.015456086391175126,0.039741282784481316,0.17881025620982277,0.14690495889734262,2073600,25.0,26.68
video_029.mp4,30,faster,96.38500000000002,1.8391265869140625,0.006501357676397464,0.053039119331125886,0.3786225969297184,0.21954824200563575,2211840,25.0,26.16
video_030.mp4,30,medium,93.4993,5.924333572387695,0.011250068893298059,0.1090132492468867,0.3793489279392313,0.31894574735491465,2073600,25.0,27.52
video_031.mp4,30,faster,92.90320000000001,5.014492988586426,0.014703815739329266,0.05852144084811297,0.5791944433547046,0.21044092223677408,2211840,25.0,40.36
video_032.mp4,30,medium,93.4993,5.924333572387695,0.011250068893298059,0.1090132492468867,0.3793489279392313,0.31894574735491465,2073600,25.0,27.52
video_033.mp4,30,medium,95.09440000000001,8.759199142456055,0.0010891815131723987,0.12463840990502173,0.4811898466104227,0.19653826397142218,2211840,29.97002997002997,40.3403
video_034.mp4,30,medium,95.6611,2.718790054321289,0.0033730443805874842,0.06557128038329528,0.5114528120408978,0.16398036459606163,2073600,25.0,28.92
video_035.mp4,30,faster,95.21740000000001,2.1511449813842773,0.002071609594508302,0.036715736526091926,0.3392039917512876,0.22226480662760634,2073600,25.0,28.96
video_036.mp4,30,medium,96.9118,2.2203245162963867,0.0027239138176638174,0.07928052022815299,0.36729271496704097,0.32907595199420153,2073600,25.0,25.76
video_037.mp4,26,faster,90.7033,13.0897798538208,0.14765696304563494,0.11349315592760796,0.5077110440009337,0.27233081391455133,921600,29.97002997002997,33.033
video_038.mp4,26,faster,90.42010000000002,28.12101459503174,0.13823766911738916,0.15212093583206032,0.22222928043885204,0.18551069248346375,2211840,23.976023976023978,31.656625
video_039.mp4,28,fast,90.8944,36.207258224487305,0.21722424007066277,0.0481192524734702,0.28129555947927415,0.2250100960022901,2073600,29.97002997002997,36.302933333333335
video_040.mp4,28,faster,91.0348,15.729789733886719,0.062281720196759253,0.1411716483630589,0.5416925068626506,0.2632840301139537,2211840,23.976023976023978,28.653624999999998
video_041.mp4,26,faster,91.10230000000001,21.662813186645508,0.11335388473409307,0.12027044733179174,0.4196289377940556,0.24031099117822516,2073600,29.97002997002997,36.9369
video_042.mp4,26,faster,90.3211,24.699524879455566,0.14624868184156375,0.11516234986571258,0.39461396201484705,0.2581311214821546,2073600,23.976023976023978,28.236541666666664
video_043.mp4,26,faster,90.7033,13.0897798538208,0.14765696304563494,0.11349315592760796,0.5077110440009337,0.27233081391455133,921600,29.97002997002997,33.033
video_044.mp4,30,faster,91.7146,5.674437522888184,0.005045705536265432,0.021369948732302354,0.5736443583008048,0.1897335850296551,2073600,25.0,39.08
video_045.mp4,28,faster,91.0348,15.729789733886719,0.062281720196759253,0.1411716483630589,0.5416925068626506,0.2632840301139537,2211840,23.976023976023978,28.653624999999998
video_046.mp4,28,faster,90.25300000000001,17.509069442749023,0.06404107627197905,0.0850910610253457,0.413404337664499,0.21435723005500976,2073600,29.97002997002997,30.997633333333333
video_047.mp4,26,medium,91.66750000000002,47.87376880645752,0.07696368751881963,0.15879911383631387,0.3985666710855902,0.20052794609610952,2073600,25.0,40.08
video_048.mp4,26,faster,90.7033,13.0897798538208,0.14765696304563494,0.11349315592760796,0.5077110440009337,0.27233081391455133,921600,29.97002997002997,33.033
video_049.mp4,30,faster,91.7146,5.674437522888184,0.005045705536265432,0.021369948732302354,0.5736443583008048,0.1897335850296551,2073600,25.0,39.08
video_050.mp4,26,faster,90.42010000000002,28.12101459503174,0.13823766911738916,0.15212093583206032,0.22222928043885204,0.18551069248346375,2211840,23.976023976023978,31.656625
video_051.mp4,24,fast,91.92399999999999,43.70158672332764,0.18980811315985527,0.13942372816217535,0.3725811497930909,0.24021947262797078,2073600,23.976023976023978,27.569208333333332
video_052.mp4,28,fast,90.577,10.656410217285156,0.11012586257540685,0.05589275235444112,0.2647977288394051,0.19588527684306628,2211840,25.0,32.36
video_053.mp4,28,fast,90.8944,36.207258224487305,0.21722424007066277,0.0481192524734702,0.28129555947927415,0.2250100960022901,2073600,29.97002997002997,36.302933333333335
video_054.mp4,28,fast,91.33840000000001,10.031668663024902,0.19375974700861248,0.09558657480905873,0.20741964113779024,0.1448646292932271,2211840,23.976023976023978,32.449083333333334
video_055.mp4,28,fast,90.13960000000002,2.4015588760375977,0.019268685874241985,0.029792798057078695,0.4959129712565033,0.3511582165315835,983520,25.0,28.84
video_056.mp4,30,medium,97.68460000000002,4.6924543380737305,0.003718028406492913,0.10787130010776866,0.7554545690975865,0.15663321330032176,2073600,23.976023976023978,25.108416666666663
video_057.mp4,28,fast,90.86020000000002,8.36425495147705,0.12143096116484788,0.08567426723534709,0.43968454379364597,0.2708172887706116,2211840,23.976023976023978,26.109416666666664
video_058.mp4,30,medium,93.63220000000003,4.980587005615234,0.00701692241636798,0.030022029951383845,0.32744362476671285,0.2650436145163766,2073600,29.97002997002997,29.8298
video_059.mp4,30,faster,95.00020000000002,2.679668426513672,0.00420250496031746,0.009037067907909353,0.19267226685427255,0.21173117659453577,2073600,25.0,34.84
video_060.mp4,30,faster,91.89340000000001,17.70345401763916,0.11704155815972221,0.06690961960999056,0.4209953318965028,0.23658271675317522,2073600,29.97002997002997,30.096733333333333
video_061.mp4,30,faster,93.10360000000001,5.2604169845581055,0.011201565715020574,0.04043925345787527,0.42117891047365447,0.37924374397699195,2073600,29.97002997002997,28.461766666666666
video_062.mp4,30,faster,97.29220000000002,1.9665851593017578,0.001432016093474427,0.008225667687628321,0.42453905973075956,0.31758612061406394,2073600,23.976023976023978,26.77675
video_063.mp4,30,faster,92.4847,0.8541250228881836,0.004277464313271605,0.01875244983476831,0.3332698267482147,0.2709548106247801,921600,29.97002997002997,25.191833333333335
video_064.mp4,26,faster,90.83380000000002,15.362934112548828,0.11905494893193636,0.11238793797882851,0.33944828539867056,0.18905446688438549,2073600,24.0,37.375
video_065.mp4,30,medium,90.7612,5.441450119018555,0.02578146618241805,0.08097261322545993,0.4835748617215085,0.2773893911773809,2073600,23.976023976023978,27.235541666666666
video_066.mp4,28,fast,91.345,15.86397933959961,0.14963528514309762,0.06841864142213598,0.33736063178077075,0.21658728654790388,2073600,29.97002997002997,31.66496666666667
video_067.mp4,26,faster,90.83380000000002,15.362934112548828,0.11905494893193636,0.11238793797882851,0.33944828539867056,0.18905446688438549,2073600,24.0,37.375
video_068.mp4,28,fast,90.736,9.545402526855469,0.11940916904956428,0.030389394925104347,0.4674713413733322,0.18686725280354222,2073600,29.97002997002997,32.4324
video_069.mp4,30,fast,90.4846,3.6366233825683594,0.10846572687596451,0.025808877336777006,0.3859607842546259,0.22562082321010807,2073600,29.97002997002997,30.797433333333334
video_070.mp4,30,medium,92.0503,6.915713310241699,0.03317216435185185,0.10671540324835767,0.4365963946381022,0.2081939384686066,2073600,24.0,29.125
video_071.mp4,24,medium,92.245,18.049236297607422,0.003073781396338867,0.10276995062106634,0.6367435023977662,0.13543435673537732,2073600,24.0,28.666666666666668
video_072.mp4,30,faster,92.2243,6.6119585037231445,0.023149836033950617,0.026256988789555836,0.09300491967491728,0.15533212449986694,2073600,30.0,30.0
video_073.mp4,30,faster,97.47190000000002,3.0637969970703125,0.010018981481481481,0.05203509785955277,0.1463108551198257,0.20892610535694342,2073600,25.0,24.88
video_074.mp4,30,faster,91.75210000000001,3.0236215591430664,0.014471225565843624,0.06023871084326664,0.36163909446108694,0.23449749072598042,2073600,29.97002997002997,28.261566666666667
video_075.mp4,26,fast,90.77380000000002,27.706144332885742,0.010878283339763374,0.020634361481262367,0.5271166619071754,0.16079203758681446,8294400,23.976023976023978,27.902874999999998
video_076.mp4,28,faster,90.83020000000002,12.645761489868164,0.06088283316798941,0.18596534130770503,0.4455612742396341,0.24721791949445895,2073600,25.0,27.2
video_077.mp4,30,medium,93.0931,9.694167137145996,0.020422084921931732,0.15805833038766387,0.5085953052801095,0.2222376626015385,2073600,24.0,33.666666666666664
video_078.mp4,28,medium,91.65820000000001,19.513705253601074,0.04627881462191358,0.15901120041181546,0.32657709542512026,0.2660745401670429,2073600,23.976023976023978,30.32195833333333
video_079.mp4,30,faster,96.19090000000003,0.6095609664916992,0.0026240273127480155,0.006250857141821492,0.2087107449406991,0.13533804453666962,2211840,25.0,27.48
video_080.mp4,30,medium,94.84570000000001,4.884140968322754,0.008141296828437632,0.16402776919988674,0.5966321934292023,0.24013993303054176,2073600,25.0,28.04
video_081.mp4,26,faster,91.36840000000001,10.153069496154785,0.04086754115226336,0.11137866153671984,0.3207682028791455,0.1543350578170622,2073600,24.0,29.083333333333332
video_082.mp4,30,medium,94.417,5.858747482299805,0.003090739936985597,0.0953819849699139,0.3420625726137613,0.21611506280294931,2211840,24.0,35.208333333333336
video_083.mp4,30,faster,95.62060000000001,2.109227180480957,0.005132625078914142,0.026942460801866318,0.6700278968044587,0.15011075980625724,2211840,25.0,32.12
video_084.mp4,30,faster,94.17160000000001,3.0423049926757812,0.012975174300044093,0.07377477709190672,0.3798380344904165,0.2652725716268767,2073600,30.0,27.633333333333333
video_085.mp4,30,medium,93.4738,4.987235069274902,0.006580172242134609,0.09340435830710886,0.4284203984087661,0.219746174932902,2073600,23.976023976023978,29.738041666666664
video_086.mp4,30,medium,96.44350000000003,4.30611515045166,0.003573765902589581,0.031797077688135444,0.20798109840047885,0.15275607170606093,2073600,29.97002997002997,39.239200000000004
video_087.mp4,30,medium,94.28800000000003,3.354334831237793,0.0029499963831018518,0.06112694708206151,0.19242926793981482,0.11182284874047692,2211840,25.0,24.88
video_088.mp4,30,medium,97.75210000000003,2.22249698638916,0.006060510259487883,0.01857984736362494,0.16896468583575405,0.17779395739823903,2073600,29.97002997002997,25.325300000000002
video_089.mp4,30,faster,93.04750000000003,4.673887252807617,0.004586379142300194,0.00955778904926168,0.367409393454019,0.2421197440396061,2073600,29.97002997002997,36.06936666666667
video_090.mp4,30,medium,93.89800000000001,3.9334421157836914,0.020409432870370368,0.17355093329065066,0.48758280900130113,0.24608374655589624,921600,29.97002997002997,25.291933333333333
video_091.mp4,28,fast,90.89770000000003,6.488329887390137,0.08555601242690057,0.039363846038133726,0.1553741054055943,0.21442503188926576,921600,29.97002997002997,35.96926666666667
video_092.mp4,28,fast,90.89770000000003,6.488329887390137,0.08555601242690057,0.039363846038133726,0.1553741054055943,0.21442503188926576,921600,29.97002997002997,35.96926666666667
video_093.mp4,30,medium,97.77160000000002,9.150567054748535,0.002016210848193873,0.11518401002970038,0.11723915417361502,0.18818177766593214,2073600,29.97002997002997,25.625600000000002
video_094.mp4,30,faster,90.1465,12.473577499389648,0.053133641453953946,0.030531251050660322,0.15929274990881404,0.23060645984340636,2073600,29.97002997002997,34.968266666666665
video_095.mp4,30,medium,95.7766,2.1931495666503906,0.0071452872983870964,0.06035948435797931,0.550913059651504,0.2688340650138634,921600,29.97002997002997,29.7297
video_096.mp4,30,medium,91.15660000000001,16.802927017211914,0.07682192742956631,0.08731889585045356,0.2248138877929693,0.30809652978884594,2073600,29.97002997002997,37.60423333333333
video_097.mp4,28,fast,90.89770000000003,6.488329887390137,0.08555601242690057,0.039363846038133726,0.1553741054055943,0.21442503188926576,921600,29.97002997002997,35.96926666666667
video_098.mp4,30,faster,90.12250000000002,2.3502044677734375,0.0213229580026455,0.017897333396092778,0.044648206639909045,0.07639266247987338,2073600,25.0,27.68
video_099.mp4,30,faster,94.27240000000002,2.343855857849121,0.00037253432652738217,0.015068117029137842,0.2079939239990472,0.1487682651903475,2073600,25.0,38.96
video_100.mp4,30,faster,92.2243,6.6119585037231445,0.023149836033950617,0.026256988789555836,0.09300491967491728,0.15533212449986694,2073600,30.0,30.0
video_101.mp4,30,faster,92.08090000000001,3.465512275695801,0.001961171012020793,0.02672271643579854,0.4880530949201481,0.14567390655849163,2073600,25.0,37.36
video_102.mp4,30,faster,90.11170000000001,8.354325294494629,0.11099791467113666,0.04444153512099284,0.3973326145512483,0.20824570453935637,2073600,29.97002997002997,27.660966666666667
video_103.mp4,30,medium,94.3993,3.3542919158935547,0.008757137345679013,0.037753490416760585,0.39746108740821434,0.22611870323466307,2073600,29.97002997002997,28.628600000000002
video_104.mp4,30,faster,93.2677,3.5225725173950195,0.007421098036694101,0.02208748319543867,0.4007482947783023,0.23822753573204983,2073600,29.97002997002997,34.367666666666665
video_105.mp4,30,medium,94.3993,3.3542919158935547,0.008757137345679013,0.037753490416760585,0.39746108740821434,0.22611870323466307,2073600,29.97002997002997,28.628600000000002
video_106.mp4,30,medium,96.33699999999999,3.0233583450317383,0.011916869901895943,0.041727343070573,0.32664529319636804,0.17659403089474493,2073600,25.0,27.84
video_107.mp4,30,faster,95.641,1.169569969177246,0.03352801519468186,0.012946772951464536,0.720756729139899,0.2823119999736529,2073600,29.97002997002997,25.025000000000002
video_108.mp4,30,medium,94.55260000000001,2.8100547790527344,0.004265162037037037,0.09874154504748145,0.3432273648178407,0.21587005949435897,2073600,25.0,24.6
video_109.mp4,30,medium,92.0503,6.915713310241699,0.03317216435185185,0.10671540324835767,0.4365963946381022,0.2081939384686066,2073600,24.0,29.125
video_110.mp4,26,faster,91.10230000000001,21.662813186645508,0.11335388473409307,0.12027044733179174,0.4196289377940556,0.24031099117822516,2073600,29.97002997002997,36.9369
video_111.mp4,26,medium,91.66750000000002,47.87376880645752,0.07696368751881963,0.15879911383631387,0.3985666710855902,0.20052794609610952,2073600,25.0,40.08
video_112.mp4,30,faster,91.74550000000002,4.86580753326416,0.019297717866443447,0.027856988175553578,0.539205673444146,0.0811429683531836,2211840,23.976023976023978,26.77675
video_113.mp4,28,fast,90.8944,36.207258224487305,0.21722424007066277,0.0481192524734702,0.28129555947927415,0.2250100960022901,2073600,29.97002997002997,36.302933333333335
video_114.mp4,24,faster,91.066,55.32565498352051,0.0810157610201013,0.10619998955864834,0.4591093572034306,0.18947797432684568,2073600,23.976023976023978,36.78675
video_115.mp4,28,fast,90.54280000000001,19.375221252441406,0.1316374541859568,0.03754106672346052,0.3747529176311728,0.2234449832323624,2073600,29.97002997002997,38.00463333333333
video_116.mp4,28,fast,90.29710000000001,31.79128646850586,0.17355832506613755,0.04758809223126432,0.3331234177235709,0.24504813355833496,2073600,29.97002997002997,33.50013333333333
video_117.mp4,28,fast,90.12970000000003,7.382490158081055,0.1778316417378917,0.08191196456669086,0.3930534730659833,0.15116047619271486,2073600,24.0,26.0
video_118.mp4,26,medium,91.8979,15.664739608764648,0.08068491994598766,0.09108014866269692,0.41532459887890344,0.25549522262352276,921600,25.0,26.88
video_119.mp4,24,fast,91.92399999999999,43.70158672332764,0.18980811315985527,0.13942372816217535,0.3725811497930909,0.24021947262797078,2073600,23.976023976023978,27.569208333333332
video_120.mp4,26,medium,90.16540000000002,48.71268081665039,0.11030126480647313,0.08060552869017121,0.3854937708848555,0.2283252471565886,2073600,25.0,37.0
video_121.mp4,28,fast,90.48100000000001,17.1430082321167,0.1667932925485009,0.039102940125810275,0.4543246788491631,0.33871872852045337,2073600,29.97002997002997,26.359666666666666
video_122.mp4,28,faster,90.96820000000002,19.931495666503906,0.06319368181165662,0.040012301416194045,0.7043350135884098,0.24079780450134572,2073600,23.976023976023978,40.33195833333333
video_123.mp4,28,fast,90.8944,36.207258224487305,0.21722424007066277,0.0481192524734702,0.28129555947927415,0.2250100960022901,2073600,29.97002997002997,36.302933333333335
video_124.mp4,24,faster,91.44730000000001,50.48849391937256,0.10532095091122869,0.08683160026657455,0.2885281230097491,0.16666118089214624,2073600,23.976023976023978,40.29025
video_125.mp4,28,fast,90.29710000000001,31.79128646850586,0.17355832506613755,0.04758809223126432,0.3331234177235709,0.24504813355833496,2073600,29.97002997002997,33.50013333333333
video_126.mp4,28,faster,91.2883,18.862457275390625,0.11462386797433399,0.029513516784758616,0.38302097960183906,0.22790798623890582,2073600,29.97002997002997,36.06936666666667
video_127.mp4,30,medium,94.43920000000001,5.114882469177246,0.03191840277777778,0.011890760456381627,0.45421258747606785,0.2989373267423348,2073600,29.97002997002997,31.9319
video_128.mp4,30,faster,90.6457,14.553089141845703,0.02623937806663501,0.04309644150971792,0.5602734129145485,0.18832300595605173,2073600,25.0,38.08
video_129.mp4,28,fast,90.51550000000003,13.133258819580078,0.08258488923408058,0.02802281279441206,0.4150949404036712,0.2510814862264559,2073600,23.976023976023978,36.286249999999995
video_130.mp4,30,medium,92.83750000000002,14.782757759094238,0.013601082720006331,0.0754250689686612,0.5721955358542198,0.09252989861143088,2073600,25.0,38.24
video_131.mp4,30,faster,96.928,1.5901145935058594,0.004203384641617063,0.010501940162478312,0.4662427066185994,0.2570815581758015,2211840,24.0,27.916666666666668
video_132.mp4,26,faster,91.63180000000003,13.966204643249512,0.1174059757185571,0.07301396722069951,0.34714198842876276,0.25356573287708295,2073600,23.976023976023978,30.572208333333332
video_133.mp4,30,faster,94.66600000000001,2.409914970397949,0.008878548815359476,0.07000274961626066,0.5234311406420207,0.23509897577312353,921600,30.0,33.06666666666667
video_134.mp4,30,faster,97.1977,2.6149444580078125,0.00238329475308642,0.02478170388525781,0.4504744796467376,0.19240112391225722,2073600,29.97002997002997,24.724700000000002
video_135.mp4,30,faster,95.00020000000002,2.679668426513672,0.00420250496031746,0.009037067907909353,0.19267226685427255,0.21173117659453577,2073600,25.0,34.84
video_136.mp4,30,faster,94.66600000000001,2.409914970397949,0.008878548815359476,0.07000274961626066,0.5234311406420207,0.23509897577312353,921600,30.0,33.06666666666667
video_137.mp4,30,medium,97.53280000000001,1.8859758377075195,0.0011099215534979422,0.03251978254983347,0.6565152682587954,0.17599944601819134,2073600,23.976023976023978,28.111416666666663
video_138.mp4,30,faster,97.1977,2.6149444580078125,0.00238329475308642,0.02478170388525781,0.4504744796467376,0.19240112391225722,2073600,29.97002997002997,24.724700000000002
video_139.mp4,30,faster,95.00020000000002,2.679668426513672,0.00420250496031746,0.009037067907909353,0.19267226685427255,0.21173117659453577,2073600,25.0,34.84
video_140.mp4,30,medium,94.43260000000002,4.813839912414551,0.016181862305854243,0.03609418182139112,0.2510105099449676,0.14607609669011418,2073600,25.0,30.16
video_141.mp4,28,fast,91.58530000000002,17.09835910797119,0.17054053513625414,0.02159353969983055,0.3699560078632854,0.28775361062804883,2073600,29.97002997002997,38.938900000000004
video_142.mp4,30,faster,94.99180000000001,2.1335268020629883,0.029373755475906014,0.013159960448942952,0.5211241972209533,0.34922328181795015,2073600,25.0,30.92
video_143.mp4,28,faster,90.4588,9.97011947631836,0.10853467399691359,0.12888912789599663,0.3536934987871178,0.26800876174152943,2073600,29.97002997002997,28.1281
video_144.mp4,24,medium,92.245,18.049236297607422,0.003073781396338867,0.10276995062106634,0.6367435023977662,0.13543435673537732,2073600,24.0,28.666666666666668
video_145.mp4,30,faster,93.40180000000002,5.841897964477539,0.033820059732865046,0.16600873938502872,0.5615346093378284,0.2004755172554634,2073600,25.0,28.04
video_146.mp4,30,faster,90.11170000000001,8.354325294494629,0.11099791467113666,0.04444153512099284,0.3973326145512483,0.20824570453935637,2073600,29.97002997002997,27.660966666666667
video_147.mp4,26,faster,90.83380000000002,15.362934112548828,0.11905494893193636,0.11238793797882851,0.33944828539867056,0.18905446688438549,2073600,24.0,37.375
video_148.mp4,28,fast,90.00790000000002,9.80352783203125,0.1314220954585538,0.045620681248398055,0.4958794483997303,0.19096011322684847,2073600,29.97002997002997,33.66696666666667
video_149.mp4,30,faster,96.2143,2.71895694732666,0.03945618386243386,0.024812745632021873,0.4811895606931045,0.20874771696249375,2073600,29.97002997002997,33.09973333333333
video_150.mp4,30,faster,94.03240000000001,1.484919548034668,0.027765625,0.025384728092180602,0.057329164858217596,0.09560362692266114,921600,30.0,40.0
video_151.mp4,30,faster,92.64610000000002,6.625146865844727,0.02193865740740741,0.02127286355687443,0.019686856680686673,0.07058499442736962,2073600,25.0,30.0
video_152.mp4,30,faster,92.2243,6.6119585037231445,0.023149836033950617,0.026256988789555836,0.09300491967491728,0.15533212449986694,2073600,30.0,30.0
video_153.mp4,30,faster,92.64610000000002,6.625146865844727,0.02193865740740741,0.02127286355687443,0.019686856680686673,0.07058499442736962,2073600,25.0,30.0
video_154.mp4,30,medium,90.05290000000002,1.6286735534667969,0.031157903844408138,0.006596176108396969,0.13072673432004425,0.2221963238275629,2073600,25.0,33.04
video_155.mp4,30,faster,96.379,2.2538719177246094,0.013339313271604937,0.04234406093748695,0.7241885446295289,0.23324385793715338,2073600,25.0,29.72
video_156.mp4,30,faster,97.2394,5.190150260925293,0.002022146002710027,0.011409962403171145,0.04780698224976531,0.05680494103382628,2073600,25.0,40.36
video_157.mp4,26,faster,90.83380000000002,15.362934112548828,0.11905494893193636,0.11238793797882851,0.33944828539867056,0.18905446688438549,2073600,24.0,37.375
video_158.mp4,30,medium,96.724,4.323901176452637,0.003978174603174603,0.0594667919193855,0.08851363344334648,0.08442151067071979,2073600,30.0,27.2
video_159.mp4,28,medium,91.73320000000001,24.10648250579834,0.04962063180230669,0.12392400136042907,0.4688869886425168,0.20419834058425398,2073600,29.97002997002997,36.1361
video_160.mp4,30,medium,94.71190000000003,12.089359283447266,0.017651306905864198,0.1285102840733344,0.7475913649410382,0.2490979187302114,2073600,29.97002997002997,26.4264
video_161.mp4,30,faster,90.0676,9.761884689331055,0.07582735038097993,0.07509111691644997,0.623126207287506,0.2840203596291292,2073600,23.976023976023978,30.238541666666663
video_162.mp4,30,medium,95.5795,6.235969543457031,0.01242066936728395,0.06438756517889911,0.5828926320829739,0.191359783780202,2073600,29.97002997002997,30.03
video_163.mp4,26,medium,91.3138,14.174821853637695,0.05571620147792023,0.08388428339082549,0.5910429112869625,0.18904850800280715,2073600,25.0,25.4
video_164.mp4,30,medium,90.1021,4.003116607666016,0.06904352999281609,0.13354335901027078,0.31973896559941034,0.17709114603099455,921600,25.0,28.16
video_165.mp4,30,medium,95.9641,6.026796340942383,0.011202814549575618,0.0593017978858708,0.5607178532811177,0.17675888785030905,2073600,29.97002997002997,30.03
video_166.mp4,28,faster,91.9882,7.144500732421875,0.21393145978009262,0.07476730550038503,0.3861542477986566,0.2526067124536796,921600,25.0,29.04
video_167.mp4,28,medium,91.61410000000001,6.599204063415527,0.09064797353927202,0.16019900857478406,0.3540344581079559,0.2800064141959756,921600,23.976023976023978,26.901874999999997
video_168.mp4,30,faster,94.56220000000002,2.432122230529785,0.029141632057915756,0.012819332692392334,0.550852815857416,0.170348431368458,2073600,29.97002997002997,32.79943333333333
video_169.mp4,30,faster,90.1453,3.994781494140625,0.018259221367945326,0.06150654666444767,0.5930175440836056,0.3053841827088593,2073600,25.0,27.36
video_170.mp4,30,faster,91.86580000000002,2.1060400009155273,0.0003292699621664676,0.012290829941801825,0.7303582313189613,0.07597469790413358,2073600,30.0,30.333333333333332
video_171.mp4,30,medium,95.3296,4.980037689208984,0.015546027798631961,0.05194925998841751,0.45507215743112395,0.17238840953466256,2073600,29.97002997002997,35.635600000000004
video_172.mp4,30,faster,90.11410000000001,9.532526969909668,0.13233613729056437,0.09033482469696702,0.48882344899122193,0.22631786572824686,2073600,29.97002997002997,39.80643333333333
video_173.mp4,30,faster,92.96710000000002,1.1779708862304688,0.01797702867798354,0.042024360545500246,0.3497781724057937,0.2644543999909199,921600,25.0,26.28
video_174.mp4,26,faster,91.97590000000002,10.445072174072266,0.031073784722222227,0.03405286215538095,0.5664913106909432,0.22073960135415752,921600,23.976023976023978,32.99129166666666
video_175.mp4,30,medium,91.2745,24.96393585205078,0.06809444390860768,0.061594544947608666,0.17023490027762647,0.1586366055231564,2073600,24.0,36.0
video_176.mp4,30,medium,94.94350000000003,4.971428871154785,0.010449288754480288,0.08273460452725327,0.3394079568281912,0.22348422916499408,2073600,24.0,30.791666666666668
video_177.mp4,30,medium,93.4993,5.924333572387695,0.011250068893298059,0.1090132492468867,0.3793489279392313,0.31894574735491465,2073600,25.0,27.52
video_178.mp4,30,medium,95.30140000000003,5.317751884460449,0.02573448448448449,0.05903963148509575,0.2623401624663879,0.25085822340644726,2073600,29.97002997002997,35.4354
video_179.mp4,28,fast,90.44350000000003,6.449816703796387,0.09094382096009701,0.02559165813530487,0.30946698099571623,0.25708036824265784,2073600,29.97002997002997,26.893533333333334
video_180.mp4,30,medium,97.46440000000001,2.8571624755859375,0.0007246390852347883,0.06441289285239987,0.22023990659993745,0.24184183393342823,2211840,24.0,27.25
video_181.mp4,30,faster,96.10840000000002,3.8201942443847656,0.006990639213775181,0.07050283335827658,0.5115653964548377,0.3536712097785328,2073600,24.0,38.0
video_182.mp4,30,faster,94.29370000000003,2.259577751159668,0.012386532738095235,0.05137208385726262,0.27180511389548107,0.18593669746222022,2073600,25.0,27.36
video_183.mp4,30,faster,90.98680000000003,6.376161575317383,0.03216023763020833,0.03655378241375204,0.35319569812517015,0.3098320730450027,2073600,29.97002997002997,30.4304
video_184.mp4,30,faster,94.29370000000003,2.259577751159668,0.012386532738095235,0.05137208385726262,0.27180511389548107,0.18593669746222022,2073600,25.0,27.36
video_185.mp4,30,faster,91.86430000000001,1.9094905853271484,0.031874777421652414,0.016199797718470105,0.5315495608514654,0.2761433130148743,2073600,25.0,25.04
video_186.mp4,30,medium,95.34520000000002,8.836276054382324,0.02095854259672619,0.1455530825112967,0.3236770325751829,0.21947736865853268,921600,28.134005763688762,27.688911651728553
video_187.mp4,30,medium,94.98520000000002,8.606254577636719,0.004177145895895895,0.0973778440324175,0.32349210168092934,0.20783293613879783,2073600,23.976023976023978,35.49379166666667
video_188.mp4,30,medium,92.27230000000002,17.73639488220215,0.05405881880144033,0.13609230774046527,0.23542339677640606,0.23626369387262405,2073600,29.97002997002997,28.194833333333335
video_189.mp4,30,medium,93.46540000000002,12.076404571533203,0.022503963517554012,0.10804809853800142,0.21481434650924414,0.25482615628415245,2073600,29.97002997002997,30.03
video_190.mp4,30,medium,97.18780000000001,9.372842788696289,0.0066207613863863875,0.057498855095450385,0.04887711266209019,0.1121126858563783,2073600,29.97002997002997,35.2352
video_191.mp4,30,medium,93.99849999999999,24.175758361816406,0.02145628375771605,0.17725059615667252,0.1863538538325567,0.23855186375583942,2073600,25.0,35.44
video_192.mp4,30,medium,92.27230000000002,17.73639488220215,0.05405881880144033,0.13609230774046527,0.23542339677640606,0.23626369387262405,2073600,29.97002997002997,28.194833333333335
